year,link,approval_date,effect_date,end_date
2016,,2015-11-23,2016-01-01,2016-12-31
2015,,2015-11-23,2015-11-23,2015-12-31
2014,http://old.justice.gov.il/NR/rdonlyres/756404F3-C7A7-4A64-B8C9-9F0D568DD3D5/42032/2408.pdf,2013-07-30,2014-01-01,2015-11-22
2013,http://old.justice.gov.il/NR/rdonlyres/756404F3-C7A7-4A64-B8C9-9F0D568DD3D5/42032/2408.pdf,2013-07-30,2013-07-30,2013-12-31
2012,http://www.justice.gov.il/NR/rdonlyres/A8BF0C89-1DF5-4C38-94EB-90C3CF3A9883/24444/2271.pdf,2010-12-29,2012-01-01,2013-07-29
2011,http://www.justice.gov.il/NR/rdonlyres/A8BF0C89-1DF5-4C38-94EB-90C3CF3A9883/24444/2271.pdf,2010-12-29,2011-01-01,2011-12-31
2010,http://old.justice.gov.il/NR/rdonlyres/1F2EF733-6738-4042-8366-C5D5F93EE6D2/16892/2210.pdf,2009-07-15,2010-01-01,2010-12-31
2009,http://old.justice.gov.il/NR/rdonlyres/1F2EF733-6738-4042-8366-C5D5F93EE6D2/16892/2210.pdf,2009-07-15,2009-07-15,2009-12-31
2008,http://www.nevo.co.il/law_html/Law14/LAW-2141.pdf,2007-12-27,2008-01-01,2009-07-14
2007,http://www.nevo.co.il/law_html/Law14/LAW-2091.pdf,2006-06-07,2007-01-01,2007-12-31
2006,http://old.justice.gov.il/NR/rdonlyres/06905538-8C55-4E5D-BB65-6BAD0EDE5836/5514/2065.pdf,2006-06-07,2006-06-07,2006-12-31
2005,http://www.nevo.co.il/law_html/Law14/LAW-2009.pdf,2005-03-29,2005-03-29,2006-06-06
2004,http://www.nevo.co.il/law_html/Law14/LAW-1922.pdf,2004-01-07,2004-01-07,2005-03-28
2003,http://www.nevo.co.il/law_html/Law14/LAW-1885.pdf,2002-12-17,2003-01-01,2004-01-06
2002,http://www.nevo.co.il/law_html/Law14/LAW-1831.pdf,2002-02-06,2002-02-06,2002-12-31
2001,http://www.nevo.co.il/law_html/Law14/law-1787.pdf,2001-03-28,2001-03-28,2002-02-05
2000,http://www.nevo.co.il/law_html/law20/TKZIV-0129.pdf,1999-12-31,2000-01-01,2001-03-27
1999,http://www.nevo.co.il/law_html/Law14/LAW-1710.pdf,1999-02-04,1999-02-04,1999-12-31
1998,http://www.nevo.co.il/law_html/law20/TKZIV-0126.pdf,1998-01-05,1998-01-05,1999-02-03
1997,http://www.nevo.co.il/law_html/Law14/LAW-1620.pdf,1996-12-31,1997-01-01,1998-01-04
1996,http://www.nevo.co.il/law_html/law20/TKZIV-0124.pdf,1995-12-29,1996-01-01,1996-12-31
1995,http://www.nevo.co.il/law_html/law20/TKZIV-0122.pdf,1994-12-30,1995-01-01,1995-12-31
1994,http://www.nevo.co.il/law_html/law20/TKZIV-0120.pdf,1993-12-31,1994-01-01,1994-12-31
1993,http://www.nevo.co.il/law_html/law20/TKZIV-0118.pdf,1992-12-31,1993-01-01,1993-12-31
1992,http://www.nevo.co.il/law_html/law20/TKZIV-0116.pdf,1992-01-02,1992-01-02,1992-12-31
